# THE FIVE LEG RECORDS PASS 89 FOUND UNRESOLVABLE, BOUND BY CONTENT.
#
# A row here does NOT excuse a record.  It states WHAT ties the record to the
# tree it claims, and legcheck.py CHECKS that statement against the object
# store rather than believing it -- a TREE-IDENTICAL row whose trees differ
# fails, and a LEGGED-AT-PARENT row whose covering commit is not a descendant
# fails.  The alternative to a checked binding is deleting the leg record,
# which would delete a sound measurement to tidy a pointer.
#
# The four TREE-IDENTICAL rows are the AMEND shape: the legs ran, the commit
# was amended for its message afterwards, and the sha the run wrote down
# stopped being reachable.  The tree the legs measured is byte-identical to
# the tree the commit carries, which is the whole of what the record claims.
#
# The one LEGGED-AT-PARENT row is not that, and is not smoothed into it: the
# named tip IS in history, its tree DIFFERS, and the legs measured the commit
# BEFORE 414a647de7.  What covers it is the later commit whose own record
# names a tree carrying 414a647de7's statement -- named here, and required to
# be a descendant.
#
# commit	rc_path	tip_named	kind	evidence
4bcec00e514c	cst_runs/exec146/legsA/RC.txt	5c0ae3181f93	TREE-IDENTICAL	tree 0433db190d44b96f0c53707cb9f087796537c2cd on both
94d0331aaa3e	cst_runs/exec146/legsD/RC.txt	2d3aa6aff294	TREE-IDENTICAL	tree 48748307f6dc7fe1196bb72e20046ccaec96df72 on both
bd8bbf063712	cst_runs/exec146/legsE/RC.txt	16ec6cf9f45d	TREE-IDENTICAL	tree 82ac96632bf407f360117c718d994031987b4d23 on both
209963934a0b	cst_runs/exec146/legsF/RC.txt	181772640a2a	TREE-IDENTICAL	tree 07845ab9da1ad9baea0a207c38421b03f5605d1c on both; patch-id 672038e976ee on both
414a647de745	cst_runs/exec145/legs/RC.txt	87e7391a0bbc	LEGGED-AT-PARENT	4bcec00e514c	the mipsel legs ran at the PARENT and the record did not say so; substance covered one commit later, whose legsA tree carries note_dsp_acc_dspctrl_write x3
